{
  "export_version": "0.10",
  "framed_nodes": {
    "A Number.001": "Frame.005",
    "Cell.AdjacentCells": "Frame",
    "Cell.Prism.001": "Frame.003",
    "CellComplex.ByCells": "Frame.004",
    "List Item": "Frame.002",
    "Number Range": "Frame.003",
    "Temporal Viewer": "Frame",
    "Temporal Viewer.001": "Selected Cell",
    "Temporal Viewer.002": "Frame.001",
    "Topology.Geometry": "Frame",
    "Topology.Geometry.001": "Selected Cell",
    "Topology.Geometry.002": "Frame.001",
    "Topology.SubTopologies": "Frame.002",
    "Topology.SubTopologies.001": "Frame.001",
    "Vertex.ByCoordinates": "Frame.003"
  },
  "groups": {},
  "nodes": {
    "A Number.001": {
      "bl_idname": "SvNumberNode",
      "custom_socket_props": {},
      "height": 100.0,
      "hide": false,
      "label": "",
      "location": [
        570.0,
        -190.0
      ],
      "params": {
        "int_": 14,
        "selected_mode": "int"
      },
      "width": 277.95684814453125
    },
    "Cell.AdjacentCells": {
      "bl_idname": "SvCellAdjacentCells",
      "custom_socket_props": {},
      "height": 100.0,
      "hide": false,
      "label": "",
      "location": [
        1350.0,
        30.0
      ],
      "params": {},
      "width": 140.0
    },
    "Cell.Prism.001": {
      "bl_idname": "SvCellPrism",
      "custom_socket_props": {},
      "height": 100.0,
      "hide": false,
      "label": "",
      "location": [
        -190.0,
        230.0
      ],
      "params": {
        "originLocation": "LowerLeft"
      },
      "width": 140.0
    },
    "CellComplex.ByCells": {
      "bl_idname": "SvCellComplexByCells",
      "custom_socket_props": {},
      "height": 100.0,
      "hide": false,
      "label": "",
      "location": [
        150.0,
        250.0
      ],
      "params": {},
      "width": 324.56024169921875
    },
    "Frame": {
      "bl_idname": "NodeFrame",
      "color": [
        1.0,
        1.0,
        0.0
      ],
      "custom_socket_props": {},
      "height": 312.933349609375,
      "hide": false,
      "label": "Adjacent Cells",
      "location": [
        160.0,
        120.0
      ],
      "params": {},
      "use_custom_color": true,
      "width": 530.0
    },
    "Frame.001": {
      "bl_idname": "NodeFrame",
      "custom_socket_props": {},
      "height": 316.933349609375,
      "hide": false,
      "label": "Display Edges of CellComplex",
      "location": [
        400.0,
        40.0
      ],
      "params": {},
      "width": 560.0
    },
    "Frame.002": {
      "bl_idname": "NodeFrame",
      "custom_socket_props": {},
      "height": 206.6666717529297,
      "hide": false,
      "label": "Select a Cell from the CellComplex",
      "location": [
        120.0,
        100.0
      ],
      "params": {},
      "width": 540.0
    },
    "Frame.003": {
      "bl_idname": "NodeFrame",
      "custom_socket_props": {},
      "height": 319.3333435058594,
      "hide": false,
      "label": "Create a 3D Grid of Prisms",
      "location": [
        0.0,
        240.0
      ],
      "params": {},
      "width": 540.0
    },
    "Frame.004": {
      "bl_idname": "NodeFrame",
      "custom_socket_props": {},
      "height": 134.0,
      "hide": false,
      "label": "Create a CellComplex from the Cells",
      "location": [
        -20.0,
        260.0
      ],
      "params": {},
      "width": 384.5601806640625
    },
    "Frame.005": {
      "bl_idname": "NodeFrame",
      "custom_socket_props": {},
      "height": 134.0,
      "hide": false,
      "label": "Try different indices",
      "location": [
        -160.0,
        20.0
      ],
      "params": {},
      "width": 337.956787109375
    },
    "List Item": {
      "bl_idname": "SvListItemNode",
      "custom_socket_props": {},
      "height": 100.0,
      "hide": false,
      "label": "",
      "location": [
        1060.0,
        120.0
      ],
      "params": {
        "level": 1
      },
      "width": 140.0
    },
    "Number Range": {
      "bl_idname": "SvGenNumberRange",
      "custom_socket_props": {
        "1": {
          "label": "stop"
        },
        "2": {
          "label": "count"
        }
      },
      "height": 100.0,
      "hide": false,
      "label": "",
      "location": [
        -530.0,
        230.0
      ],
      "params": {
        "count_": 4,
        "current_mode": "RANGE_COUNT",
        "range_mode": "RANGE_COUNT",
        "stop_float": 3.0
      },
      "width": 140.0
    },
    "Selected Cell": {
      "bl_idname": "NodeFrame",
      "color": [
        1.0,
        0.0,
        0.0
      ],
      "custom_socket_props": {},
      "height": 316.9333190917969,
      "hide": false,
      "label": "Selected Cell",
      "location": [
        300.0,
        -120.0
      ],
      "params": {},
      "use_custom_color": true,
      "width": 530.0
    },
    "Temporal Viewer": {
      "bl_idname": "SvViewerDrawMk4",
      "color": [
        0.6661409735679626,
        0.20302200317382812,
        0.0
      ],
      "custom_socket_props": {},
      "height": 100.0,
      "hide": false,
      "label": "Temporal Viewer",
      "location": [
        1680.0,
        40.0
      ],
      "params": {
        "edge_color": [
          0.8999999761581421,
          0.8999999761581421,
          0.3499999940395355,
          0.6182925701141357
        ],
        "polygon_color": [
          0.7490531802177429,
          0.8100003600120544,
          0.015503807924687862,
          0.48926472663879395
        ]
      },
      "use_custom_color": true,
      "width": 140.0
    },
    "Temporal Viewer.001": {
      "bl_idname": "SvViewerDrawMk4",
      "color": [
        0.6661409735679626,
        0.20302200317382812,
        0.0
      ],
      "custom_socket_props": {},
      "height": 100.0,
      "hide": false,
      "label": "Temporal Viewer",
      "location": [
        1680.0,
        380.0
      ],
      "params": {
        "polygon_color": [
          0.8100003600120544,
          0.0014328930992633104,
          0.0,
          1.0
        ]
      },
      "use_custom_color": true,
      "width": 140.0
    },
    "Temporal Viewer.002": {
      "bl_idname": "SvViewerDrawMk4",
      "color": [
        0.6661409735679626,
        0.20302200317382812,
        0.0
      ],
      "custom_socket_props": {},
      "height": 100.0,
      "hide": false,
      "label": "Temporal Viewer",
      "location": [
        1070.0,
        470.0
      ],
      "params": {
        "edge_color": [
          1.0,
          1.0,
          1.0,
          1.0
        ],
        "point_size": 1,
        "polygon_color": [
          0.8100003600120544,
          0.0014328930992633104,
          0.0,
          1.0
        ]
      },
      "use_custom_color": true,
      "width": 140.0
    },
    "Topology.Geometry": {
      "bl_idname": "SvTopologyGeometry",
      "custom_socket_props": {},
      "height": 100.0,
      "hide": false,
      "label": "",
      "location": [
        1510.0,
        30.0
      ],
      "params": {},
      "width": 140.0
    },
    "Topology.Geometry.001": {
      "bl_idname": "SvTopologyGeometry",
      "custom_socket_props": {},
      "height": 100.0,
      "hide": false,
      "label": "",
      "location": [
        1350.0,
        270.0
      ],
      "params": {},
      "width": 140.0
    },
    "Topology.Geometry.002": {
      "bl_idname": "SvTopologyGeometry",
      "custom_socket_props": {},
      "height": 100.0,
      "hide": false,
      "label": "",
      "location": [
        890.0,
        470.0
      ],
      "params": {},
      "width": 140.0
    },
    "Topology.SubTopologies": {
      "bl_idname": "SvTopologySubTopologies",
      "custom_socket_props": {},
      "height": 100.0,
      "hide": false,
      "label": "",
      "location": [
        720.0,
        120.0
      ],
      "params": {
        "subtopologyType": "Cell"
      },
      "width": 140.0
    },
    "Topology.SubTopologies.001": {
      "bl_idname": "SvTopologySubTopologies",
      "custom_socket_props": {},
      "height": 100.0,
      "hide": false,
      "label": "",
      "location": [
        710.0,
        470.0
      ],
      "params": {
        "subtopologyType": "Edge"
      },
      "width": 140.0
    },
    "Vertex.ByCoordinates": {
      "bl_idname": "SvVertexByCoordinates",
      "custom_socket_props": {},
      "height": 100.0,
      "hide": false,
      "label": "",
      "location": [
        -350.0,
        230.0
      ],
      "params": {
        "Replication": "Interlace",
        "X": 0.5,
        "Y": 0.5,
        "Z": 0.5
      },
      "width": 140.0
    }
  },
  "update_lists": [
    [
      "List Item",
      0,
      "Topology.Geometry.001",
      0
    ],
    [
      "Topology.Geometry.001",
      0,
      "Temporal Viewer.001",
      0
    ],
    [
      "Topology.Geometry.001",
      1,
      "Temporal Viewer.001",
      1
    ],
    [
      "Topology.Geometry.001",
      2,
      "Temporal Viewer.001",
      2
    ],
    [
      "Topology.Geometry",
      0,
      "Temporal Viewer",
      0
    ],
    [
      "Topology.Geometry",
      1,
      "Temporal Viewer",
      1
    ],
    [
      "Topology.Geometry",
      2,
      "Temporal Viewer",
      2
    ],
    [
      "List Item",
      0,
      "Cell.AdjacentCells",
      0
    ],
    [
      "Cell.AdjacentCells",
      0,
      "Topology.Geometry",
      0
    ],
    [
      "Cell.Prism.001",
      0,
      "CellComplex.ByCells",
      0
    ],
    [
      "Number Range",
      0,
      "Vertex.ByCoordinates",
      0
    ],
    [
      "Number Range",
      0,
      "Vertex.ByCoordinates",
      1
    ],
    [
      "Number Range",
      0,
      "Vertex.ByCoordinates",
      2
    ],
    [
      "Vertex.ByCoordinates",
      0,
      "Cell.Prism.001",
      0
    ],
    [
      "CellComplex.ByCells",
      0,
      "Topology.SubTopologies.001",
      0
    ],
    [
      "Topology.SubTopologies.001",
      0,
      "Topology.Geometry.002",
      0
    ],
    [
      "Topology.Geometry.002",
      0,
      "Temporal Viewer.002",
      0
    ],
    [
      "Topology.Geometry.002",
      1,
      "Temporal Viewer.002",
      1
    ],
    [
      "Topology.Geometry.002",
      2,
      "Temporal Viewer.002",
      2
    ],
    [
      "CellComplex.ByCells",
      0,
      "Topology.SubTopologies",
      0
    ],
    [
      "Topology.SubTopologies",
      0,
      "List Item",
      0
    ],
    [
      "A Number.001",
      0,
      "List Item",
      1
    ]
  ]
}