{
  "export_version": "0.10",
  "framed_nodes": {
    "Face.Triangulate": "Frame"
  },
  "groups": {},
  "nodes": {
    "A Number": {
      "bl_idname": "SvNumberNode",
      "custom_socket_props": {},
      "height": 100.0,
      "hide": false,
      "label": "",
      "location": [
        -926.73974609375,
        54.4276008605957
      ],
      "params": {
        "float_": 2.0
      },
      "width": 140.0
    },
    "Cell.Prism": {
      "bl_idname": "SvCellPrism",
      "custom_socket_props": {},
      "height": 100.0,
      "hide": false,
      "label": "",
      "location": [
        -166.73977661132812,
        254.42759704589844
      ],
      "params": {
        "Height": 10.0
      },
      "width": 140.0
    },
    "Cell.Prism.001": {
      "bl_idname": "SvCellPrism",
      "custom_socket_props": {},
      "height": 100.0,
      "hide": false,
      "label": "",
      "location": [
        2564.61376953125,
        63.742401123046875
      ],
      "params": {
        "Height": 10.0,
        "Length": 0.75,
        "Width": 0.75
      },
      "width": 140.0
    },
    "CellComplex.ByFaces": {
      "bl_idname": "SvCellComplexByFaces",
      "custom_socket_props": {},
      "height": 100.0,
      "hide": false,
      "label": "",
      "location": [
        1616.3150634765625,
        174.4207763671875
      ],
      "params": {
        "Tol": 0.0010000000474974513
      },
      "width": 140.0
    },
    "CellComplex.ByFaces.001": {
      "bl_idname": "SvCellComplexByFaces",
      "custom_socket_props": {},
      "height": 100.0,
      "hide": false,
      "label": "",
      "location": [
        2544.61376953125,
        183.74240112304688
      ],
      "params": {},
      "width": 164.2249298095703
    },
    "CellComplex.ExternalBoundary": {
      "bl_idname": "SvCellComplexExternalBoundary",
      "custom_socket_props": {},
      "height": 100.0,
      "hide": false,
      "label": "",
      "location": [
        593.26025390625,
        154.42759704589844
      ],
      "params": {},
      "width": 203.3387908935547
    },
    "CellComplex.InternalBoundaries": {
      "bl_idname": "SvCellComplexInternalBoundaries",
      "custom_socket_props": {},
      "height": 100.0,
      "hide": false,
      "label": "",
      "location": [
        593.26025390625,
        54.4276008605957
      ],
      "params": {},
      "width": 205.02783203125
    },
    "Cluster.ByTopologies": {
      "bl_idname": "SvClusterByTopologies",
      "custom_socket_props": {},
      "height": 100.0,
      "hide": false,
      "label": "",
      "location": [
        193.26022338867188,
        -45.5723991394043
      ],
      "params": {},
      "width": 140.0
    },
    "Face.ByWire": {
      "bl_idname": "SvFaceByWire",
      "custom_socket_props": {},
      "height": 100.0,
      "hide": false,
      "label": "",
      "location": [
        13.260223388671875,
        -45.5723991394043
      ],
      "params": {},
      "width": 140.0
    },
    "Face.Triangulate": {
      "bl_idname": "SvFaceTriangulate",
      "custom_socket_props": {},
      "height": 100.0,
      "hide": false,
      "label": "",
      "location": [
        1070.8290252685547,
        199.56660270690918
      ],
      "params": {},
      "width": 237.0909423828125
    },
    "Frame": {
      "bl_idname": "NodeFrame",
      "color": [
        0.6079999804496765,
        0.0,
        0.005017015151679516
      ],
      "custom_socket_props": {},
      "height": 135.5666046142578,
      "hide": false,
      "label": "Make sure this list is flattened",
      "location": [
        -163.8502960205078,
        29.83778190612793
      ],
      "params": {},
      "use_custom_color": true,
      "width": 297.0909423828125
    },
    "List Join": {
      "bl_idname": "ListJoinNode",
      "custom_socket_props": {},
      "height": 100.0,
      "hide": false,
      "label": "",
      "location": [
        1413.818359375,
        241.10687255859375
      ],
      "params": {},
      "width": 140.0
    },
    "Number Range": {
      "bl_idname": "SvGenNumberRange",
      "custom_socket_props": {
        "1": {
          "label": "stop"
        },
        "2": {
          "label": "count"
        }
      },
      "height": 100.0,
      "hide": false,
      "label": "",
      "location": [
        -566.73974609375,
        -45.5723991394043
      ],
      "params": {
        "count_": 18,
        "current_mode": "RANGE_COUNT",
        "range_mode": "RANGE_COUNT",
        "start_float": 0.5,
        "stop_float": 9.5
      },
      "width": 140.0
    },
    "Scalar Math": {
      "bl_idname": "SvScalarMathNodeMK4",
      "custom_socket_props": {},
      "height": 100.0,
      "hide": false,
      "label": "",
      "location": [
        -406.7397766113281,
        -305.5723876953125
      ],
      "params": {
        "x_": 1.5,
        "y_": 1.5
      },
      "width": 140.0
    },
    "Simple deformation": {
      "bl_idname": "SvSimpleDeformNode",
      "custom_socket_props": {},
      "height": 100.0,
      "hide": false,
      "label": "",
      "location": [
        2004.6136474609375,
        363.7424011230469
      ],
      "params": {
        "angle": 80.0,
        "angles_mode": "degrees",
        "factor": -0.8999999761581421,
        "mode": "Taper"
      },
      "width": 140.0
    },
    "Simple deformation.001": {
      "bl_idname": "SvSimpleDeformNode",
      "custom_socket_props": {},
      "height": 100.0,
      "hide": false,
      "label": "",
      "location": [
        2184.61376953125,
        363.7424011230469
      ],
      "params": {
        "angle": 80.0,
        "angles_mode": "degrees",
        "factor": -0.800000011920929
      },
      "width": 140.0
    },
    "Temporal Viewer.001": {
      "bl_idname": "SvViewerDrawMk4",
      "color": [
        0.6661409735679626,
        0.20302200317382812,
        0.0
      ],
      "custom_socket_props": {},
      "height": 100.0,
      "hide": false,
      "label": "Temporal Viewer",
      "location": [
        3524.61376953125,
        263.7424011230469
      ],
      "params": {
        "polygon_color": [
          0.14000000059604645,
          0.5400000214576721,
          0.8100000023841858,
          0.6034473180770874
        ]
      },
      "use_custom_color": true,
      "width": 140.0
    },
    "Topology.Boolean": {
      "bl_idname": "SvTopologyBoolean",
      "custom_socket_props": {},
      "height": 100.0,
      "hide": false,
      "label": "",
      "location": [
        373.2602233886719,
        74.42760467529297
      ],
      "params": {
        "BooleanOp": "Slice"
      },
      "width": 140.0
    },
    "Topology.Boolean.001": {
      "bl_idname": "SvTopologyBoolean",
      "custom_socket_props": {},
      "height": 100.0,
      "hide": false,
      "label": "",
      "location": [
        2764.61376953125,
        183.74240112304688
      ],
      "params": {
        "BooleanOp": "Impose"
      },
      "width": 140.0
    },
    "Topology.ByGeometry": {
      "bl_idname": "SvTopologyByGeometry",
      "custom_socket_props": {},
      "height": 100.0,
      "hide": false,
      "label": "",
      "location": [
        2364.61376953125,
        223.74240112304688
      ],
      "params": {},
      "width": 140.0
    },
    "Topology.CenterOfMass": {
      "bl_idname": "SvTopologyCenterOfMass",
      "custom_socket_props": {},
      "height": 100.0,
      "hide": false,
      "label": "",
      "location": [
        2964.61376953125,
        43.742401123046875
      ],
      "params": {},
      "width": 161.91796875
    },
    "Topology.Explode": {
      "bl_idname": "SvTopologyExplode",
      "custom_socket_props": {},
      "height": 100.0,
      "hide": false,
      "label": "",
      "location": [
        3180.0,
        200.0
      ],
      "params": {},
      "width": 140.0
    },
    "Topology.Geometry.003": {
      "bl_idname": "SvTopologyGeometry",
      "custom_socket_props": {},
      "height": 100.0,
      "hide": false,
      "label": "",
      "location": [
        1816.7454833984375,
        160.92221069335938
      ],
      "params": {},
      "width": 140.0
    },
    "Topology.Geometry.004": {
      "bl_idname": "SvTopologyGeometry",
      "custom_socket_props": {},
      "height": 100.0,
      "hide": false,
      "label": "",
      "location": [
        3344.61376953125,
        203.74240112304688
      ],
      "params": {},
      "width": 140.0
    },
    "Topology.SubTopologies": {
      "bl_idname": "SvTopologySubTopologies",
      "custom_socket_props": {},
      "height": 100.0,
      "hide": false,
      "label": "",
      "location": [
        833.26025390625,
        174.42759704589844
      ],
      "params": {
        "subtopologyType": "Face"
      },
      "width": 161.836669921875
    },
    "Vertex.ByCoordinates": {
      "bl_idname": "SvVertexByCoordinates",
      "custom_socket_props": {},
      "height": 100.0,
      "hide": false,
      "label": "",
      "location": [
        -386.7397766113281,
        -45.5723991394043
      ],
      "params": {},
      "width": 140.0
    },
    "Wire.Rectangle": {
      "bl_idname": "SvWireRectangle",
      "custom_socket_props": {},
      "height": 100.0,
      "hide": false,
      "label": "",
      "location": [
        -166.73977661132812,
        -45.5723991394043
      ],
      "params": {
        "Length": 1.5,
        "Width": 1.5
      },
      "width": 140.0
    }
  },
  "update_lists": [
    [
      "Topology.ByGeometry",
      3,
      "CellComplex.ByFaces.001",
      0
    ],
    [
      "Topology.Geometry.003",
      0,
      "Simple deformation",
      0
    ],
    [
      "Simple deformation",
      0,
      "Simple deformation.001",
      0
    ],
    [
      "Topology.Geometry.004",
      0,
      "Temporal Viewer.001",
      0
    ],
    [
      "Topology.Geometry.004",
      1,
      "Temporal Viewer.001",
      1
    ],
    [
      "Topology.Geometry.004",
      2,
      "Temporal Viewer.001",
      2
    ],
    [
      "Simple deformation.001",
      0,
      "Topology.ByGeometry",
      0
    ],
    [
      "Topology.Geometry.003",
      1,
      "Topology.ByGeometry",
      1
    ],
    [
      "Topology.Geometry.003",
      2,
      "Topology.ByGeometry",
      2
    ],
    [
      "Topology.Explode",
      0,
      "Topology.Geometry.004",
      0
    ],
    [
      "Face.Triangulate",
      0,
      "List Join",
      0
    ],
    [
      "CellComplex.InternalBoundaries",
      0,
      "List Join",
      1
    ],
    [
      "CellComplex.ByFaces.001",
      0,
      "Topology.Boolean.001",
      0
    ],
    [
      "Cell.Prism.001",
      0,
      "Topology.Boolean.001",
      1
    ],
    [
      "Topology.Boolean.001",
      0,
      "Topology.CenterOfMass",
      0
    ],
    [
      "CellComplex.ByFaces",
      0,
      "Topology.Geometry.003",
      0
    ],
    [
      "List Join",
      0,
      "CellComplex.ByFaces",
      0
    ],
    [
      "A Number",
      0,
      "Cell.Prism",
      1
    ],
    [
      "A Number",
      0,
      "Cell.Prism",
      2
    ],
    [
      "Topology.Boolean",
      0,
      "CellComplex.ExternalBoundary",
      0
    ],
    [
      "Topology.Boolean",
      0,
      "CellComplex.InternalBoundaries",
      0
    ],
    [
      "Face.ByWire",
      0,
      "Cluster.ByTopologies",
      0
    ],
    [
      "Wire.Rectangle",
      0,
      "Face.ByWire",
      0
    ],
    [
      "A Number",
      0,
      "Scalar Math",
      0
    ],
    [
      "Cell.Prism",
      0,
      "Topology.Boolean",
      0
    ],
    [
      "Cluster.ByTopologies",
      0,
      "Topology.Boolean",
      1
    ],
    [
      "CellComplex.ExternalBoundary",
      0,
      "Topology.SubTopologies",
      0
    ],
    [
      "Number Range",
      0,
      "Vertex.ByCoordinates",
      2
    ],
    [
      "Vertex.ByCoordinates",
      0,
      "Wire.Rectangle",
      0
    ],
    [
      "Scalar Math",
      0,
      "Wire.Rectangle",
      1
    ],
    [
      "Scalar Math",
      0,
      "Wire.Rectangle",
      2
    ],
    [
      "Topology.SubTopologies",
      0,
      "Face.Triangulate",
      0
    ],
    [
      "Topology.Boolean.001",
      0,
      "Topology.Explode",
      0
    ],
    [
      "Topology.CenterOfMass",
      0,
      "Topology.Explode",
      1
    ]
  ]
}